{"cameraMode":{"drawMode":0,"name":"Shaded","section":"Shading Mode"},"sceneLighting":false,"audioPlay":false,"sceneViewState":{"showFog":true,"showMaterialUpdate":true,"showSkybox":false,"showFlares":true,"showImageEffects":true,"showParticleSystems":true},"in2DMode":false,"pivot":{"x":-0.00006103515625,"y":16.999969482421876,"z":0.0},"rotation":{"x":-0.017707722261548044,"y":0.004796636290848255,"z":-0.00009134788706433028,"w":-0.9998413324356079},"size":349.7878112792969,"orthographic":false}