{"cameraMode":{"drawMode":0,"name":"Shaded","section":"Shading Mode"},"sceneLighting":false,"audioPlay":false,"sceneViewState":{"showFog":true,"showMaterialUpdate":true,"showSkybox":true,"showFlares":true,"showImageEffects":true,"showParticleSystems":true},"in2DMode":false,"pivot":{"x":-145.77610778808595,"y":-87.27251434326172,"z":0.17588281631469727},"rotation":{"x":-0.4380978047847748,"y":0.29666197299957278,"z":-0.15580934286117555,"w":-0.834145724773407},"size":8.318574905395508,"orthographic":false}